image,handle
https://cdn.shopify.com/s/files/1/0632/2939/5192/files/ReobrixConstructionSetsWz-10-2.jpg?v=1710396943,reobrix-33033-wz-10
https://cdn.shopify.com/s/files/1/0632/2939/5192/files/ReobrixConstructionSetsWz-10-3.jpg?v=1710396942,reobrix-33033-wz-10
https://cdn.shopify.com/s/files/1/0632/2939/5192/files/ReobrixConstructionSetsWz-10-4.jpg?v=1710396943,reobrix-33033-wz-10
https://cdn.shopify.com/s/files/1/0632/2939/5192/files/ReobrixConstructionSetsWz-10-5.jpg?v=1710396942,reobrix-33033-wz-10
https://cdn.shopify.com/s/files/1/0632/2939/5192/files/ReobrixConstructionSetsTu160-2.jpg?v=1710396485,reobrix-33036-tu160
https://cdn.shopify.com/s/files/1/0632/2939/5192/files/ReobrixConstructionSetsTu160-3.jpg?v=1710396486,reobrix-33036-tu160
https://cdn.shopify.com/s/files/1/0632/2939/5192/files/ReobrixConstructionSetsTu160-4.jpg?v=1710396486,reobrix-33036-tu160
https://cdn.shopify.com/s/files/1/0632/2939/5192/files/ReobrixConstructionSetsTu160-5.jpg?v=1710396485,reobrix-33036-tu160
https://cdn.shopify.com/s/files/1/0632/2939/5192/files/ReobrixConstructionSetsWalkingMechanism-DynamicVersion-2.jpg?v=1710483567,reobrix-99003-walking-mechanism-dynamic-version
https://cdn.shopify.com/s/files/1/0632/2939/5192/files/ReobrixConstructionSetsWalkingMechanism-DynamicVersion-3.jpg?v=1710483567,reobrix-99003-walking-mechanism-dynamic-version
https://cdn.shopify.com/s/files/1/0632/2939/5192/files/ReobrixConstructionSetsWalkingMechanism-DynamicVersion-4.jpg?v=1710483567,reobrix-99003-walking-mechanism-dynamic-version
https://cdn.shopify.com/s/files/1/0632/2939/5192/files/ReobrixConstructionSetsWalkingMechanism-DynamicVersion-5.jpg?v=1710483568,reobrix-99003-walking-mechanism-dynamic-version
https://cdn.shopify.com/s/files/1/0632/2939/5192/files/ReobrixConstructionSetsTroopTransportVehicle-DynamicVersion-2.jpg?v=1710481449,reobrix-99004-troop-transport-vehicle-dynamic-version
https://cdn.shopify.com/s/files/1/0632/2939/5192/files/ReobrixConstructionSetsTroopTransportVehicle-DynamicVersion-3.jpg?v=1710481448,reobrix-99004-troop-transport-vehicle-dynamic-version
https://cdn.shopify.com/s/files/1/0632/2939/5192/files/ReobrixConstructionSetsTroopTransportVehicle-DynamicVersion-4.jpg?v=1710481448,reobrix-99004-troop-transport-vehicle-dynamic-version
https://cdn.shopify.com/s/files/1/0632/2939/5192/files/ReobrixConstructionSetsTroopTransportVehicle-DynamicVersion-5.jpg?v=1710481449,reobrix-99004-troop-transport-vehicle-dynamic-version
https://cdn.shopify.com/s/files/1/0632/2939/5192/files/ReobrixConstructionSetsTransportVehicle-DynamicVersion-2.jpg?v=1710481414,reobrix-99005-transport-vehicle-dynamic-version
https://cdn.shopify.com/s/files/1/0632/2939/5192/files/ReobrixConstructionSetsTransportVehicle-DynamicVersion-3.jpg?v=1710481415,reobrix-99005-transport-vehicle-dynamic-version
https://cdn.shopify.com/s/files/1/0632/2939/5192/files/ReobrixConstructionSetsTransportVehicle-DynamicVersion-4.jpg?v=1710481415,reobrix-99005-transport-vehicle-dynamic-version
https://cdn.shopify.com/s/files/1/0632/2939/5192/files/ReobrixConstructionSetsTransportVehicle-DynamicVersion-5.jpg?v=1710481414,reobrix-99005-transport-vehicle-dynamic-version
https://cdn.shopify.com/s/files/1/0632/2939/5192/files/ReobrixConstructionSetsT6Shuttle-2.jpg?v=1710318352,reobrix-99006-t6-shuttle
https://cdn.shopify.com/s/files/1/0632/2939/5192/files/ReobrixConstructionSetsT6Shuttle-3.jpg?v=1710318353,reobrix-99006-t6-shuttle
https://cdn.shopify.com/s/files/1/0632/2939/5192/files/ReobrixConstructionSetsT6Shuttle-4.jpg?v=1710318352,reobrix-99006-t6-shuttle
https://cdn.shopify.com/s/files/1/0632/2939/5192/files/ReobrixConstructionSetsT6Shuttle-5.jpg?v=1710318352,reobrix-99006-t6-shuttle
https://cdn.shopify.com/s/files/1/0632/2939/5192/files/ReobrixConstructionSetsWaterCannonFireTruck-DynamicVersion-2.jpg?v=1710483752,reobrix-22008-water-cannon-fire-truck-dynamic-version
https://cdn.shopify.com/s/files/1/0632/2939/5192/files/ReobrixConstructionSetsWaterCannonFireTruck-DynamicVersion-3.jpg?v=1710483753,reobrix-22008-water-cannon-fire-truck-dynamic-version
https://cdn.shopify.com/s/files/1/0632/2939/5192/files/ReobrixConstructionSetsWaterCannonFireTruck-DynamicVersion-4.jpg?v=1710483752,reobrix-22008-water-cannon-fire-truck-dynamic-version
https://cdn.shopify.com/s/files/1/0632/2939/5192/files/ReobrixConstructionSetsWaterCannonFireTruck-DynamicVersion-5.jpg?v=1710483753,reobrix-22008-water-cannon-fire-truck-dynamic-version
https://cdn.shopify.com/s/files/1/0632/2939/5192/files/ReobrixConstructionSetsWrecker-DynamicVersion-2.jpg?v=1710483784,reobrix-22012-wrecker-dynamic-version
https://cdn.shopify.com/s/files/1/0632/2939/5192/files/ReobrixConstructionSetsWrecker-DynamicVersion-3.jpg?v=1710483784,reobrix-22012-wrecker-dynamic-version
https://cdn.shopify.com/s/files/1/0632/2939/5192/files/ReobrixConstructionSetsWrecker-DynamicVersion-4.jpg?v=1710483785,reobrix-22012-wrecker-dynamic-version
https://cdn.shopify.com/s/files/1/0632/2939/5192/files/ReobrixConstructionSetsWrecker-DynamicVersion-5.jpg?v=1710483784,reobrix-22012-wrecker-dynamic-version
https://cdn.shopify.com/s/files/1/0632/2939/5192/files/ReobrixConstructionSetsTowerCrane-DynamicVersion-2.jpg?v=1710472583,reobrix-22013-tower-crane-dynamic-version
https://cdn.shopify.com/s/files/1/0632/2939/5192/files/ReobrixConstructionSetsTowerCrane-DynamicVersion-3.jpg?v=1710472581,reobrix-22013-tower-crane-dynamic-version
https://cdn.shopify.com/s/files/1/0632/2939/5192/files/ReobrixConstructionSetsTowerCrane-DynamicVersion-4.jpg?v=1710472582,reobrix-22013-tower-crane-dynamic-version
https://cdn.shopify.com/s/files/1/0632/2939/5192/files/ReobrixConstructionSetsTowerCrane-DynamicVersion-5.jpg?v=1710472582,reobrix-22013-tower-crane-dynamic-version
https://cdn.shopify.com/s/files/1/0632/2939/5192/files/ReobrixConstructionSetsTractor-DynamicVersion-750X1000_2.jpg?v=1710486145,reobrix-22015-tractor-dynamic-version
https://cdn.shopify.com/s/files/1/0632/2939/5192/files/ReobrixConstructionSetsTractor-DynamicVersion-750X1000_3.jpg?v=1710486145,reobrix-22015-tractor-dynamic-version
https://cdn.shopify.com/s/files/1/0632/2939/5192/files/ReobrixConstructionSetsTractor-DynamicVersion-750X1000_4.jpg?v=1710486144,reobrix-22015-tractor-dynamic-version
https://cdn.shopify.com/s/files/1/0632/2939/5192/files/ReobrixConstructionSetsTractor-DynamicVersion-750X1000_5.jpg?v=1710486144,reobrix-22015-tractor-dynamic-version
https://cdn.shopify.com/s/files/1/0632/2939/5192/files/ReobrixConstructionSetsWheelExcavator-2.jpg?v=1710483766,reobrix-22017-wheel-excavator
https://cdn.shopify.com/s/files/1/0632/2939/5192/files/ReobrixConstructionSetsWheelExcavator-3.jpg?v=1710483766,reobrix-22017-wheel-excavator
https://cdn.shopify.com/s/files/1/0632/2939/5192/files/ReobrixConstructionSetsWheelExcavator-4.jpg?v=1710483767,reobrix-22017-wheel-excavator
https://cdn.shopify.com/s/files/1/0632/2939/5192/files/ReobrixConstructionSetsWheelExcavator-5.jpg?v=1710483766,reobrix-22017-wheel-excavator
https://cdn.shopify.com/s/files/1/0632/2939/5192/files/ReobrixConstructionSetsTelescopicBoomForklift-DynamicVersion-2.jpg?v=1710472780,reobrix-22020-telescopic-boom-forklift-dynamic-version
https://cdn.shopify.com/s/files/1/0632/2939/5192/files/ReobrixConstructionSetsTelescopicBoomForklift-DynamicVersion-3.jpg?v=1710472781,reobrix-22020-telescopic-boom-forklift-dynamic-version
https://cdn.shopify.com/s/files/1/0632/2939/5192/files/ReobrixConstructionSetsTelescopicBoomForklift-DynamicVersion-4.jpg?v=1710472779,reobrix-22020-telescopic-boom-forklift-dynamic-version
https://cdn.shopify.com/s/files/1/0632/2939/5192/files/ReobrixConstructionSetsTelescopicBoomForklift-DynamicVersion-5.jpg?v=1710472779,reobrix-22020-telescopic-boom-forklift-dynamic-version
https://cdn.shopify.com/s/files/1/0632/2939/5192/files/ReobrixConstructionSetsThree-VariableRobot-DynamicVersion-2.jpg?v=1710472913,reobrix-33001-????-three-variable-robot-dynamic-version
https://cdn.shopify.com/s/files/1/0632/2939/5192/files/ReobrixConstructionSetsThree-VariableRobot-DynamicVersion-3.jpg?v=1710472914,reobrix-33001-????-three-variable-robot-dynamic-version
https://cdn.shopify.com/s/files/1/0632/2939/5192/files/ReobrixConstructionSetsThree-VariableRobot-DynamicVersion-4.jpg?v=1710472913,reobrix-33001-????-three-variable-robot-dynamic-version
https://cdn.shopify.com/s/files/1/0632/2939/5192/files/ReobrixConstructionSetsThree-VariableRobot-DynamicVersion-5.jpg?v=1710472914,reobrix-33001-????-three-variable-robot-dynamic-version
https://cdn.shopify.com/s/files/1/0632/2939/5192/files/ReobrixConstructionSetsThree-VariableTyrannosaurusRex-2.jpg?v=1710398051,reobrix-33002-three-variable-tyrannosaurus-rex
https://cdn.shopify.com/s/files/1/0632/2939/5192/files/ReobrixConstructionSetsThree-VariableTyrannosaurusRex-3.jpg?v=1710398051,reobrix-33002-three-variable-tyrannosaurus-rex
https://cdn.shopify.com/s/files/1/0632/2939/5192/files/ReobrixConstructionSetsThree-VariableTyrannosaurusRex-4.jpg?v=1710398052,reobrix-33002-three-variable-tyrannosaurus-rex
https://cdn.shopify.com/s/files/1/0632/2939/5192/files/ReobrixConstructionSetsThree-VariableTyrannosaurusRex-5.jpg?v=1710398051,reobrix-33002-three-variable-tyrannosaurus-rex
https://cdn.shopify.com/s/files/1/0632/2939/5192/files/ReobrixConstructionSetsSuperDwarf-2.jpg?v=1710379123,reobrix-77002-super-dwarf
https://cdn.shopify.com/s/files/1/0632/2939/5192/files/ReobrixConstructionSetsSuperDwarf-3.jpg?v=1710379122,reobrix-77002-super-dwarf
https://cdn.shopify.com/s/files/1/0632/2939/5192/files/ReobrixConstructionSetsSuperDwarf-4.jpg?v=1710379122,reobrix-77002-super-dwarf
https://cdn.shopify.com/s/files/1/0632/2939/5192/files/ReobrixConstructionSetsSuperDwarf-5.jpg?v=1710379122,reobrix-77002-super-dwarf
https://cdn.shopify.com/s/files/1/0632/2939/5192/files/ReobrixConstructionSetsAwm-2.jpg?v=1710383766,reobrix-77026-awm
https://cdn.shopify.com/s/files/1/0632/2939/5192/files/ReobrixConstructionSetsAwm-3.jpg?v=1710383765,reobrix-77026-awm
https://cdn.shopify.com/s/files/1/0632/2939/5192/files/ReobrixConstructionSetsAwm-4.jpg?v=1710383764,reobrix-77026-awm
https://cdn.shopify.com/s/files/1/0632/2939/5192/files/ReobrixConstructionSetsAwm-5.jpg?v=1710383766,reobrix-77026-awm
https://cdn.shopify.com/s/files/1/0632/2939/5192/files/ReobrixConstructionSetsViper-StaticVersion-2.jpg?v=1710324216,reobrix-683-viper-static-version
https://cdn.shopify.com/s/files/1/0632/2939/5192/files/ReobrixConstructionSetsViper-StaticVersion-3.jpg?v=1710324217,reobrix-683-viper-static-version
https://cdn.shopify.com/s/files/1/0632/2939/5192/files/ReobrixConstructionSetsViper-StaticVersion-4.jpg?v=1710324215,reobrix-683-viper-static-version
https://cdn.shopify.com/s/files/1/0632/2939/5192/files/ReobrixConstructionSetsViper-StaticVersion-5.jpg?v=1710324217,reobrix-683-viper-static-version
https://cdn.shopify.com/s/files/1/0632/2939/5192/files/ReobrixConstructionSetsSvj-StaticVersion-2.jpg?v=1710335291,reobrix-687-svj-static-version
https://cdn.shopify.com/s/files/1/0632/2939/5192/files/ReobrixConstructionSetsSvj-StaticVersion-3.jpg?v=1710335290,reobrix-687-svj-static-version
https://cdn.shopify.com/s/files/1/0632/2939/5192/files/ReobrixConstructionSetsSvj-StaticVersion-4.jpg?v=1710335290,reobrix-687-svj-static-version
https://cdn.shopify.com/s/files/1/0632/2939/5192/files/ReobrixConstructionSetsSvj-StaticVersion-5.jpg?v=1710335291,reobrix-687-svj-static-version
https://cdn.shopify.com/s/files/1/0632/2939/5192/files/ReobrixConstructionSetsX6-2.jpg?v=1710323866,reobrix-679-x6
https://cdn.shopify.com/s/files/1/0632/2939/5192/files/ReobrixConstructionSetsX6-3.jpg?v=1710323867,reobrix-679-x6
https://cdn.shopify.com/s/files/1/0632/2939/5192/files/ReobrixConstructionSetsX6-4.jpg?v=1710323867,reobrix-679-x6
https://cdn.shopify.com/s/files/1/0632/2939/5192/files/ReobrixConstructionSetsX6-5.jpg?v=1710323867,reobrix-679-x6
https://cdn.shopify.com/s/files/1/0632/2939/5192/files/ReobrixConstructionSetsUrus-2.jpg?v=1710335481,reobrix-690-urus
https://cdn.shopify.com/s/files/1/0632/2939/5192/files/ReobrixConstructionSetsUrus-3.jpg?v=1710335481,reobrix-690-urus
https://cdn.shopify.com/s/files/1/0632/2939/5192/files/ReobrixConstructionSetsUrus-4.jpg?v=1710335480,reobrix-690-urus
https://cdn.shopify.com/s/files/1/0632/2939/5192/files/ReobrixConstructionSetsUrus-5.jpg?v=1710335482,reobrix-690-urus
https://cdn.shopify.com/s/files/1/0632/2939/5192/files/ReobrixConstructionSetsVisionGt-2.jpg?v=1710317846,reobrix-795-vision-gt
https://cdn.shopify.com/s/files/1/0632/2939/5192/files/ReobrixConstructionSetsVisionGt-3.jpg?v=1710317847,reobrix-795-vision-gt
https://cdn.shopify.com/s/files/1/0632/2939/5192/files/ReobrixConstructionSetsVisionGt-4.jpg?v=1710317846,reobrix-795-vision-gt
https://cdn.shopify.com/s/files/1/0632/2939/5192/files/ReobrixConstructionSetsVisionGt-5.jpg?v=1710317847,reobrix-795-vision-gt
https://cdn.shopify.com/s/files/1/0632/2939/5192/files/ReobrixConstructionSetsUsedBlacksmithShop-2.jpg?v=1710483274,reobrix-66005-used-blacksmith-shop
https://cdn.shopify.com/s/files/1/0632/2939/5192/files/ReobrixConstructionSetsUsedBlacksmithShop-3.jpg?v=1710483274,reobrix-66005-used-blacksmith-shop
https://cdn.shopify.com/s/files/1/0632/2939/5192/files/ReobrixConstructionSetsUsedBlacksmithShop-4.jpg?v=1710483275,reobrix-66005-used-blacksmith-shop
https://cdn.shopify.com/s/files/1/0632/2939/5192/files/ReobrixConstructionSetsUsedBlacksmithShop-5.jpg?v=1710483273,reobrix-66005-used-blacksmith-shop
https://cdn.shopify.com/s/files/1/0632/2939/5192/files/ReobrixConstructionSetsUsedCastle-2.jpg?v=1710483419,reobrix-66006-used-castle
https://cdn.shopify.com/s/files/1/0632/2939/5192/files/ReobrixConstructionSetsUsedCastle-3.jpg?v=1710483420,reobrix-66006-used-castle
https://cdn.shopify.com/s/files/1/0632/2939/5192/files/ReobrixConstructionSetsUsedCastle-4.jpg?v=1710483419,reobrix-66006-used-castle
https://cdn.shopify.com/s/files/1/0632/2939/5192/files/ReobrixConstructionSetsUsedCastle-5.jpg?v=1710483419,reobrix-66006-used-castle
https://cdn.shopify.com/s/files/1/0632/2939/5192/files/ReobrixConstructionSetsTreehouse-2.jpg?v=1710475105,reobrix-66008-treehouse
https://cdn.shopify.com/s/files/1/0632/2939/5192/files/ReobrixConstructionSetsTreehouse-3.jpg?v=1710475105,reobrix-66008-treehouse
https://cdn.shopify.com/s/files/1/0632/2939/5192/files/ReobrixConstructionSetsTreehouse-4.jpg?v=1710475104,reobrix-66008-treehouse
https://cdn.shopify.com/s/files/1/0632/2939/5192/files/ReobrixConstructionSetsTreehouse-5.jpg?v=1710475104,reobrix-66008-treehouse
https://cdn.shopify.com/s/files/1/0632/2939/5192/files/ReobrixConstructionSetsUsedChurch-2.jpg?v=1710483446,reobrix-66027-used-church
https://cdn.shopify.com/s/files/1/0632/2939/5192/files/ReobrixConstructionSetsUsedChurch-3.jpg?v=1710483445,reobrix-66027-used-church
https://cdn.shopify.com/s/files/1/0632/2939/5192/files/ReobrixConstructionSetsUsedChurch-4.jpg?v=1710483445,reobrix-66027-used-church
https://cdn.shopify.com/s/files/1/0632/2939/5192/files/ReobrixConstructionSetsUsedChurch-5.jpg?v=1710483445,reobrix-66027-used-church
https://cdn.shopify.com/s/files/1/0632/2939/5192/files/ReobrixConstructionSetsThree-VariableRobot-DynamicVersion-2_29117a21-8e8c-455a-8948-583eb3795be4.jpg?v=1711437007,reobrix-33001-?o-three-variable-robot-dynamic-version
https://cdn.shopify.com/s/files/1/0632/2939/5192/files/ReobrixConstructionSetsThree-VariableRobot-DynamicVersion-3_bd703050-7736-4fe1-a2b5-29a557969424.jpg?v=1711437007,reobrix-33001-?o-three-variable-robot-dynamic-version
https://cdn.shopify.com/s/files/1/0632/2939/5192/files/ReobrixConstructionSetsThree-VariableRobot-DynamicVersion-4_4d0f4ea8-45eb-4179-b36f-8bd5efc00a3a.jpg?v=1711437007,reobrix-33001-?o-three-variable-robot-dynamic-version
https://cdn.shopify.com/s/files/1/0632/2939/5192/files/ReobrixConstructionSetsThree-VariableRobot-DynamicVersion-5_cd59b895-402a-4118-b4ec-301b53836048.jpg?v=1711437007,reobrix-33001-?o-three-variable-robot-dynamic-version
https://cdn.shopify.com/s/files/1/0632/2939/5192/files/ReobrixConstructionSetsThree-VariableRobot-DynamicVersion-2_5b70f8b6-39c6-4ec8-993e-2f14ec4dc294.jpg?v=1711436898,reobrix-33001-o-three-variable-robot-dynamic-version
https://cdn.shopify.com/s/files/1/0632/2939/5192/files/ReobrixConstructionSetsThree-VariableRobot-DynamicVersion-3_3dc633d1-a253-4fe1-923e-e3749549e5a9.jpg?v=1711436898,reobrix-33001-o-three-variable-robot-dynamic-version
https://cdn.shopify.com/s/files/1/0632/2939/5192/files/ReobrixConstructionSetsThree-VariableRobot-DynamicVersion-4_92c632e9-37ce-4aeb-add0-deea5133cd8e.jpg?v=1711436898,reobrix-33001-o-three-variable-robot-dynamic-version
https://cdn.shopify.com/s/files/1/0632/2939/5192/files/ReobrixConstructionSetsThree-VariableRobot-DynamicVersion-5_ea1e84b7-6b95-4ae2-9cc0-f3e76cd396f3.jpg?v=1711436899,reobrix-33001-o-three-variable-robot-dynamic-version
https://cdn.shopify.com/s/files/1/0632/2939/5192/files/ReobrixTheSwordOfTheMasters_2.jpg?v=1713249161,reobrix-the-sword-of-the-masters
https://cdn.shopify.com/s/files/1/0632/2939/5192/files/ReobrixTheSwordOfTheMasters_3.jpg?v=1713249160,reobrix-the-sword-of-the-masters
https://cdn.shopify.com/s/files/1/0632/2939/5192/files/ReobrixTheSwordOfTheMasters_4.jpg?v=1713249161,reobrix-the-sword-of-the-masters
https://cdn.shopify.com/s/files/1/0632/2939/5192/files/ReobrixTheSwordOfTheMasters_5.jpg?v=1713249161,reobrix-the-sword-of-the-masters
https://cdn.shopify.com/s/files/1/0632/2939/5192/files/2_246c5c04-b5ef-4816-b57e-a94b34a534ae.jpg?v=1713854374,reobrix-submarine-factory-book
https://cdn.shopify.com/s/files/1/0632/2939/5192/files/3_25accc8d-be80-4e71-ba24-71d34a733a71.jpg?v=1713854374,reobrix-submarine-factory-book
https://cdn.shopify.com/s/files/1/0632/2939/5192/files/4_6c51e979-29b0-4f39-8658-4a6fcc52e236.jpg?v=1713854375,reobrix-submarine-factory-book
https://cdn.shopify.com/s/files/1/0632/2939/5192/files/5_f6ff6e58-4d56-4df1-9861-7e00d489ffd1.jpg?v=1713854375,reobrix-submarine-factory-book
